training_M,trajectory_type,metric,mean,std_across_replicates,ci95_low,ci95_high,n_trajectories_per_replicate,n_replicates
5,training,relative_density_L2,0.05258385178022138,0.010497536097882341,0.03982155295585999,0.0659328410682899,5,3
5,training,W1,0.016321789295508864,0.001926203912120388,0.013527438117983157,0.019652255629416165,5,3
5,training,drift_NRMSE,0.16362199740898292,0.03467820275533803,0.12440364419697966,0.19934501077947525,5,3
5,validation,relative_density_L2,0.11311546770792828,0.0318526156942635,0.08646101493037264,0.14962275287325466,10,3
5,validation,W1,0.03563400811143273,0.012314630719031473,0.02537138979565652,0.05002211925329885,10,3
5,validation,drift_NRMSE,0.35637728964883847,0.08299363619284736,0.27275583182931173,0.4823266102254029,10,3
5,test,relative_density_L2,0.12524553968671767,0.016968439939591243,0.10499150374536874,0.15043711580176156,30,3
5,test,W1,0.041795945973615946,0.009094719651021361,0.032257242930382686,0.05289864676546964,30,3
5,test,drift_NRMSE,0.39260326346206975,0.09857126900218087,0.28944494337536314,0.5036726722257734,30,3
10,training,relative_density_L2,0.056225071031610674,0.012409830790322133,0.043947311078422556,0.06987138685696798,10,3
10,training,W1,0.017578029886053118,0.004626704316005893,0.01355843875068685,0.022731156941838818,10,3
10,training,drift_NRMSE,0.1972926643297086,0.0448111275040234,0.1568700532332712,0.24567056335219994,10,3
10,validation,relative_density_L2,0.0692847744393916,0.006767025332123696,0.05629068325573584,0.08632635364186614,10,3
10,validation,W1,0.021989709404343805,0.001072867969589564,0.018153956006169536,0.027281540217628804,10,3
10,validation,drift_NRMSE,0.259119789460132,0.013295623788945785,0.2129210385918459,0.3107193403753776,10,3
10,test,relative_density_L2,0.07876862166070098,0.004165529964362094,0.06648237160607764,0.09521884986827406,30,3
10,test,W1,0.02667706807758377,0.0017442588675278343,0.021942971614900227,0.033431986672658225,30,3
10,test,drift_NRMSE,0.27236775992615425,0.010659520071548967,0.23757221692736924,0.31152558641041583,30,3
20,training,relative_density_L2,0.030350290163817576,0.012075353388523911,0.0175581170743961,0.04086066290150022,20,3
20,training,W1,0.008953363911770732,0.0035357411490566197,0.005384761721597623,0.012004186704328141,20,3
20,training,drift_NRMSE,0.09095529016539639,0.042160249023343276,0.0436232144309133,0.12371811997976966,20,3
20,validation,relative_density_L2,0.054991784715480246,0.017669761179631052,0.03575628793634785,0.07328655285476791,10,3
20,validation,W1,0.015245432729347827,0.00497064518483789,0.009808201419148347,0.02090098440685918,10,3
20,validation,drift_NRMSE,0.19165890691907425,0.06025558722460347,0.12058557916326923,0.26234091990507497,10,3
20,test,relative_density_L2,0.06094544066405037,0.011042151352744382,0.04581449106342422,0.07893319439588396,30,3
20,test,W1,0.01827500032082842,0.0028401128681740514,0.013842019718870571,0.023810402706556457,30,3
20,test,drift_NRMSE,0.19042623650426557,0.03400483010571374,0.1503421892448106,0.24323579296862158,30,3
40,training,relative_density_L2,0.01529869945626297,0.0030562504034088475,0.01187644266189317,0.017738645298703573,40,3
40,training,W1,0.00433535153053357,0.0008956788728812074,0.003348137267760554,0.005050481148870431,40,3
40,training,drift_NRMSE,0.05072041491420124,0.008377429464178708,0.04259486850805267,0.05892809672492327,40,3
40,validation,relative_density_L2,0.022762003883323206,0.001683500602603239,0.01775944292317424,0.027763800060539853,10,3
40,validation,W1,0.0060016839085484915,0.000348257176776514,0.004774280065971753,0.007304781328302482,10,3
40,validation,drift_NRMSE,0.07217375666657895,0.00513184733125789,0.05967404409508619,0.08691928648370824,10,3
40,test,relative_density_L2,0.0395445151140204,0.008329398493624005,0.025078329177804823,0.05990453857292661,30,3
40,test,W1,0.01178829798044849,0.0025088142075579117,0.007069011462831842,0.01839801424821131,30,3
40,test,drift_NRMSE,0.1080790680021489,0.010497876947024611,0.08466068250734606,0.13742730925565652,30,3
60,training,relative_density_L2,0.018700057830540826,0.007233309146219613,0.013836497579991608,0.026822603925487645,60,3
60,training,W1,0.0050286045509695945,0.001920926959305252,0.0037420202962745964,0.0071667023515089925,60,3
60,training,drift_NRMSE,0.061146938291880115,0.017646200423215425,0.04804119981235587,0.0811383901194294,60,3
60,validation,relative_density_L2,0.019780389744902673,0.0038652636541460575,0.014785266068146903,0.024494792635261966,10,3
60,validation,W1,0.004989798687718813,0.0009775765942664366,0.003914047329266449,0.006213813344163782,10,3
60,validation,drift_NRMSE,0.06124472569525527,0.005581005601265308,0.05185974510927165,0.07060334274578067,10,3
60,test,relative_density_L2,0.03007355666012107,0.005525772029903963,0.021162779121230057,0.04122259997281493,30,3
60,test,W1,0.008451337035154471,0.001493769466222613,0.005879825798631754,0.011675932831167675,30,3
60,test,drift_NRMSE,0.09002328043574548,0.009845528814594967,0.07316755480384898,0.10880834334877211,30,3
80,training,relative_density_L2,0.01991429206556469,0.002615122018522194,0.017499514318621075,0.02270422665159319,80,3
80,training,W1,0.006133633659467709,0.001341036166988146,0.0050022460731343294,0.0075271336880873285,80,3
80,training,drift_NRMSE,0.06895000123572254,0.01036847024755444,0.05833558962851081,0.07769710237579218,80,3
80,validation,relative_density_L2,0.018411936239788835,0.0030498682544808416,0.015242624798821814,0.02226267567440715,10,3
80,validation,W1,0.005081849371403358,0.0008783721098648073,0.0041105654567274,0.006071590351059069,10,3
80,validation,drift_NRMSE,0.060171980314433486,0.006862588980140366,0.05142092976897519,0.06998070607360829,10,3
80,test,relative_density_L2,0.02660903283292584,0.004766567666716861,0.020811691338614345,0.03609915665791695,30,3
80,test,W1,0.007547279658428773,0.0012574136997082748,0.005782574927387014,0.010452319771467935,30,3
80,test,drift_NRMSE,0.08456188217899614,0.004413661470513276,0.07218615737857685,0.1017515818072358,30,3
100,training,relative_density_L2,0.021381338116936512,0.0015670354406445966,0.019779796957662778,0.023148366798383776,100,3
100,training,W1,0.006385200668850677,0.0008139213664796366,0.005713169135229462,0.007258277377744982,100,3
100,training,drift_NRMSE,0.07181305794212145,0.006624739064880528,0.06483557183094692,0.07815538362285547,100,3
100,validation,relative_density_L2,0.021148971151479182,0.002156303036906194,0.017804520344290475,0.0243026663558358,10,3
100,validation,W1,0.005943846307969878,0.0009530648852987282,0.0049307944026529965,0.0071622567052212075,10,3
100,validation,drift_NRMSE,0.06745522499487999,0.009381997396073054,0.05592163557042076,0.07965156350577374,10,3
100,test,relative_density_L2,0.028589897194652058,0.0047707631758653266,0.02255766549535121,0.04026074735442008,30,3
100,test,W1,0.008710203917511792,0.0015111651072082898,0.006543888400973567,0.012734308639262162,30,3
100,test,drift_NRMSE,0.08509699207451892,0.006385827117089389,0.07277508461860206,0.09720592031921402,30,3
